request_at,uuid,city_id,status,fare
{time},ccafa482-6299-467b-8a69-59030e691862,8,canceled,36.993896
{time},e3155000-5360-4c0b-b50f-e020d48a6a1f,1,canceled,61.102734
{time},eb759360-be38-4589-8b2b-3fcc9d85879f,1,rejected,9.161686
{time},c5748d9e-9afa-43e1-91f0-0dd572dcdca3,4,canceled,34.716762
{time},bd483f5a-a86e-4119-bc18-45eb386d967b,9,completed,96.229749
{time},f732b5ce-1f56-45da-bc0e-eadd9ffd0fd9,4,completed,3.983517
{time},5bb82137-532a-4c9a-a629-1391063ce84b,9,completed,69.725829
{time},e92113f0-8b57-4265-a328-a3e9756e2c65,10,canceled,96.672241
{time},08db4785-688f-4f99-95e7-d33bfa61a648,2,completed,28.302838
{time},b812b4f6-c67b-4fa7-8f66-912c3327d540,9,completed,83.272662
{time},7b4de22b-2467-4cbf-ab4e-2c37216d55ac,5,canceled,80.961392
{time},cc18e6fc-19f7-4876-ac0b-a2e6e2750004,1,rejected,20.060226
{time},67f28838-d376-4ab9-b962-351ccb6acd35,10,completed,82.950451
{time},d81b07b2-f048-496f-a605-e62df8742bee,10,rejected,82.493112
{time},e968ed18-900b-4f32-a239-4105d1c20b1b,2,completed,33.621962
{time},c8155ccf-8dde-4f59-9dbc-a9ef79cf5013,4,completed,81.783912
{time},3c7cdb4b-3a30-4328-9e23-94b871912330,1,rejected,32.610911
{time},5b8b5bbc-b1b5-48ee-865b-bde49f59fb70,8,canceled,47.712903
{time},d2528244-11fa-4ac4-b227-e4662b979d61,4,canceled,19.924628
{time},e605b128-e838-4d3c-bd40-d5bc6c8b75ac,4,canceled,73.241518
{time},959af103-08e0-48b0-83b9-ab7e9c9c8261,7,canceled,78.639883
{time},27b0af88-5b53-44c0-a251-f2fe1764de56,4,completed,15.861343
{time},e5249878-f221-46cb-ba4f-b49414958e07,8,completed,4.799523
{time},ed86686e-638a-4628-aef7-103d9bae9a9c,5,rejected,95.998969
{time},8b7f2ad7-465b-4062-89a0-02969bebd80c,8,canceled,35.381940
{time},1afa7af6-fbc1-4886-807e-54487bb62c23,8,rejected,23.884639
{time},e3f02baa-2e67-4c39-8852-aa69f2e8a23b,7,canceled,69.906783
{time},52bb412c-5e13-4c6a-83c7-a2d7116677f4,5,completed,52.048509
{time},8703b639-cfc6-4ffa-965c-78cf8d8bd6a5,2,canceled,83.084232
{time},044e288e-c9f1-4c7d-a0da-bcb4ab032388,6,completed,75.381073
{time},c2fd6d09-63cb-4c74-8b96-c94883f6ac8c,7,rejected,75.216747
{time},648992e8-93bc-4c38-9ce4-6b89a3b5ea08,1,rejected,98.989310
{time},31afa7b0-6b31-4d13-bebe-431bcd22231a,8,completed,13.765348
{time},0ab2ba8e-d2f5-460d-817a-2c868ea5c5f8,7,rejected,40.547768
{time},4ebd6d65-b1f5-4727-a0c8-4ae111930526,2,rejected,49.000077
{time},a503dbae-6e97-4be9-a69c-e53f5ca89f9c,2,canceled,59.983958
{time},e9c2e745-213b-4ff7-881e-a9e99098d4cb,3,canceled,56.551966
{time},e54f3d8e-89d6-4a6b-aaed-efc7067bd160,3,canceled,29.532354
{time},75323344-fbb1-46cc-b43c-82799c0ce3c8,4,canceled,94.869488
{time},76528651-d654-4a38-a51a-cb168b674b2e,7,canceled,64.150944
{time},8af48609-e8f2-4827-8eea-ddd35e5f6dca,4,rejected,86.657117
{time},98c3ad60-1708-44f5-81f9-82f49677b3cb,9,rejected,14.871027
{time},6cc4c18e-5957-45a5-850f-0ed11d7f64df,1,completed,22.412901
{time},2a05c01d-8342-4310-b3f2-c1419ba50275,1,rejected,90.683337
{time},3e7153f9-f083-43fa-8f5d-b61f83e5e6cd,8,canceled,72.663270
{time},853c2e94-dba6-446a-b682-c5ebb56e6eec,2,completed,45.199751
{time},2b293e65-4d81-4222-bb77-887ed1a971cc,5,canceled,22.517921
{time},dc601f6e-b260-4e3f-9f3c-8f4234ddbbb2,10,completed,35.295006
{time},9d5a83c5-305c-4348-aa60-c92901229de2,5,canceled,67.125857
{time},0b066fd9-6625-4634-8971-8bc426cc5d81,4,completed,67.003439
{time},4a3814d6-9ee7-45b1-80e5-38e3962d51d0,5,rejected,26.328702
{time},47abcc52-d75d-4036-a186-392f9e59e446,10,rejected,39.868440
{time},7d3f1a29-2e63-4f93-9445-87fe086fe678,5,canceled,48.632200
{time},63c47205-50c6-415d-8d51-e5d8d0998e03,7,canceled,21.464526
{time},1a1a705f-e66b-4cd3-9f57-c8f30d7be92b,9,canceled,53.471897
{time},9dda7e94-d562-4f44-b46f-e06f5bc78f65,10,canceled,2.282228
{time},29756afc-23ca-4c0a-bd5f-bd13bd559bc2,10,rejected,14.366911
{time},2917a8e7-ab8c-4754-88c7-7b6db062fbb5,6,canceled,54.749602
{time},d8f011d1-cf47-4e3a-aae4-512d7e8828cf,6,completed,9.260921
{time},2da5ac3e-e941-47f3-a8d5-250296ef9292,5,canceled,3.871201
{time},3267fe48-64bf-48cd-8108-e764d335090d,8,completed,7.219513
{time},88e9d830-015a-4981-b379-0fc19bc52021,9,completed,93.797182
{time},4789390f-c6de-496e-aaf3-0c1ccbb82246,6,rejected,9.720188
{time},036124bd-f288-4ce4-a93b-22b6912a2546,4,completed,65.273643
{time},acb4b3eb-80e7-4db3-b2c8-47a024900852,2,completed,97.892729
{time},20ef1feb-815c-4aa2-9d69-1b3f0b8aa91f,10,completed,60.149683
{time},5263447c-7109-4b75-8c7c-fa3929e81176,4,rejected,7.854844
{time},fd0371c8-01be-44e6-9a7a-4575a4ee756b,1,rejected,81.318483
{time},61fe0da4-d4e3-4cdb-9e5e-ffd3a93a91e6,3,rejected,94.929294
{time},ec95a24f-d788-4f05-9a73-f19844dfeeb6,4,rejected,58.068462
{time},43ea697d-15f3-4f5a-b47b-18a4d21b557e,6,completed,55.683194
{time},a1e84085-a9f4-4816-9a28-f6a09c5ee538,9,canceled,52.854658
{time},e272cafb-f6ab-404a-962f-a26c55c588df,6,completed,65.365091
{time},7bc8dac2-ea5b-4509-9da4-d5dfa6e3ccbc,2,canceled,66.324813
{time},ad631f03-c71f-4ade-ae2e-977b4f5f33df,1,rejected,22.300437
{time},a2a94998-431c-4aa6-9ed3-4998f1f375bd,8,canceled,53.237975
{time},ac0e3fef-03d0-4793-a147-ae1497f0f945,9,completed,15.263731
{time},1dbbc44e-0fcd-4c10-b892-a24abea0b4c9,9,rejected,5.876071
{time},b3111d5f-b042-4b0c-bea5-4669d64ea0b7,7,rejected,85.847531
{time},fdc6890f-26f8-479b-83e8-08d6d36a3dd0,8,rejected,64.071059
{time},022ec100-7e2b-4199-8d97-1b7b000d8263,3,rejected,83.342140
{time},56b9f8b4-516b-466f-8822-8f3c1195b502,3,completed,78.210902
{time},992caeaf-0291-4fcc-92ab-a758aa40454c,5,completed,53.065712
{time},eea0205e-2f2f-4361-9650-918aec10c5fc,3,rejected,94.522722
{time},bbc5aa35-305f-484d-b448-a2145697aefa,2,completed,35.457964
{time},9c9aab6c-ecb0-44d3-a9cd-2ecda026738a,1,rejected,72.501568
{time},fc145cbb-bc37-4c02-bd8c-d51619877759,7,canceled,40.584339
{time},7ea40509-9db3-47e4-afb1-034c0860bc49,4,completed,52.379903
{time},725a0b41-04a1-4110-af92-46d932aa581e,8,canceled,17.794778
{time},a28953fe-6d3f-44f8-a1d4-229dffe62f00,3,completed,46.437695
{time},f0a49235-a4c3-4086-a4f0-9fa385f1f595,7,canceled,47.107921
{time},794c2c78-fe1d-4c84-b607-309a3df742ee,9,rejected,31.425449
{time},e7286429-7fcf-4056-b7b9-3c6f1be741d0,9,rejected,31.699596
{time},4c5b85bb-6a0c-4100-b8c3-ab1a1912116f,3,canceled,52.418352
{time},05eacf3f-fb3a-4627-9d52-b3ab1c40e4f8,9,canceled,18.058553
{time},a3921ce1-cfe4-4b9b-b1d4-a19d5971beaa,5,completed,99.655662
{time},988a0858-c2e8-488f-97bd-84bbdd34593d,2,rejected,27.664140
{time},cbd2bc5b-3378-4a9d-969e-1a746df5b7d5,8,rejected,63.695090
{time},b002154d-9d4b-4a1b-b4a0-03206761bd8d,5,canceled,26.041217
{time},b1dbfb7e-de34-44f5-b6cf-e4c386b25556,6,canceled,30.582204
{time},0435594e-55a1-43cc-9de3-0bc28cc500c8,10,canceled,57.642936
{time},129711de-f18d-467a-87a4-5a617f9c1100,3,rejected,30.912341
{time},6bd5da01-98db-4847-b929-b6ee26262a48,10,completed,34.456470
{time},5e8e9b75-bcce-46a7-9cea-ae950568f92f,4,canceled,89.026840
{time},93b5aa38-b8e3-4f40-9394-b4b4420efce6,10,completed,26.507167
{time},fdb9ab33-5fb6-48e8-af14-a120462f7686,6,completed,90.938478
{time},753c9fd2-cb3d-412d-aca9-0361cf3a76e0,7,canceled,82.196460
{time},da2310d5-fc3b-4315-93ee-7a2c0c7c446e,7,canceled,77.619587
{time},fc201958-69ca-4ed7-a1e5-eefb9422b011,8,canceled,85.029136
{time},452a717a-084c-4cc0-8fcd-4477810c7b72,7,rejected,11.515516
{time},2d4e2b66-03f6-4db5-9cf0-89265f78a8c5,4,completed,10.045987
{time},4f1b71c2-780a-433a-bc32-37ca32839039,5,canceled,30.737302
{time},90ed8a95-8628-493a-bd03-3fd3bcc21d77,5,canceled,97.924038
{time},dea647b0-0f84-4765-99d5-fe690229eb07,1,rejected,28.923753
{time},4b39e970-c336-4c28-ab21-090825b7d6ba,2,rejected,75.902931
{time},5c4f30df-3877-4d9e-b5f6-a5983b213bbe,8,rejected,23.931976
{time},b8a720d4-a5fd-4941-b454-0467680dedd2,5,rejected,60.045603
{time},403aaa54-489c-4154-9e58-e9bd5b852148,3,rejected,83.953738
{time},786d282b-1ae7-465d-82c0-3efaf0e89224,7,completed,51.254557
{time},f2a0a72b-9881-4865-b6e3-8f83be5f3805,2,completed,21.730477
{time},0147d731-c86e-4a9c-a9dd-4979f390fcad,6,completed,40.245252
{time},d19961a8-8e5c-4331-bca6-1cc1b73c436e,10,completed,92.873762
{time},900acba8-91f1-48ec-a300-05c0966a0551,6,rejected,37.767194
{time},75f8358b-a461-455e-b836-ea4092f9e76c,2,rejected,1.565745
{time},74298869-dd3c-4c5d-8f3e-eb8b407a4d64,6,rejected,73.291845
{time},537a75b6-185e-42b7-9d90-ff9cb2832b26,2,completed,8.230069
{time},8d0298cf-9e1f-486e-818e-52cd26b7632d,7,canceled,94.366791
{time},055b9214-68ad-4e4f-8e58-3180d231d442,10,completed,74.369148
{time},ac18c008-b1d7-496b-bedc-b1df02ddb1a7,10,rejected,14.387358
{time},75b540b7-a1fc-4ed6-840e-ddf52097916d,6,canceled,45.907879
{time},56dd7179-0084-42b5-834d-241bfcff2a50,2,rejected,44.458717
{time},67363c40-0497-44b9-9c7f-4f19533d72be,10,canceled,85.572523
{time},3b494dc9-af17-4d58-b67d-cb21dea5744c,3,canceled,58.098446
{time},6f8fde86-43c4-436b-8dcc-7614c0786d41,7,canceled,30.911360
{time},f341efb1-c572-4f4c-9468-5cd18cf79919,6,canceled,27.103834
{time},5e324055-62cb-4d08-b6ce-ea048e458a76,5,canceled,48.655611
{time},c22f856e-55c6-47c3-894b-b34d5ab80dac,3,completed,39.679686
{time},71767279-dff0-4218-b4f6-a02df1e43b7d,7,rejected,73.000272
{time},dd40a3a3-32b5-4531-85c7-f8d36a467bb8,1,completed,35.609299
{time},46aef3d4-57d1-47e9-aae8-499de987b0c1,10,rejected,27.636543
{time},f5084f40-ee35-4f65-ac8f-d27966ee01f2,5,rejected,60.193170
{time},9b287064-2ab4-4b3a-a49a-42bff9e07753,6,rejected,72.661319
{time},47665b3f-5cff-4d79-9ee8-59bb5df3bbc1,3,rejected,1.182483
{time},a6a0a778-fcc3-4743-a3d9-658ddf6517bb,9,canceled,77.151621
{time},77d2cc9d-7fc5-4170-b643-efc462489f89,1,canceled,19.303757
{time},304eb6bb-a7d6-4b1a-85ce-6defb4734e36,5,completed,20.563680
{time},67c88adb-f32f-410f-92b7-88a0e8a28829,1,rejected,28.888609
{time},6243fcef-f400-4a47-bee6-13123106b460,2,canceled,70.053327
{time},bfdb0362-5213-48ea-a97c-31ceda502ee3,1,canceled,48.829826
{time},740e201c-4802-4433-a722-fc8d6c2c636d,8,completed,44.961386
{time},fa9da357-7e91-42f3-bb74-544ff36c431e,10,rejected,13.913417
{time},11124a9c-a85c-4b31-9782-16fe022b5e75,9,rejected,6.401405
{time},f721924f-16ab-4395-bf1f-d9c806249360,5,canceled,94.345213
{time},a39b155e-7b65-482b-a1b9-2392e4f004a0,5,rejected,75.006333
{time},9ea22398-070f-4b00-a100-a6048b5bb36f,10,canceled,75.606009
{time},a93fd970-0ce5-4b7c-bacf-22762332e857,5,completed,82.777747
{time},d588e50d-128c-4705-8388-72975d558a5d,10,completed,36.477130
{time},cdbda0cd-eb9a-4e6b-a5d0-a4d0f1d7743a,7,rejected,55.356382
{time},dae75d4c-e003-4955-98b0-9e765c8d8786,3,rejected,68.773724
{time},1edc1869-f0de-4927-bc16-a4bc9c3caaf1,10,completed,77.514388
{time},8e3f5940-afff-48e6-adcf-84f8ac84cadd,5,rejected,90.413527
{time},8053c03d-ce95-460d-a185-cd1cb0b694b1,4,completed,32.413454
{time},d3c01c47-df07-40a4-bea1-bed3690c556c,5,completed,54.603446
{time},37ff405a-e696-4d40-b2e3-221bd8170b3b,9,canceled,37.998040
{time},31fa7364-a210-43d6-8271-b2ea3acde782,10,canceled,53.858566
{time},93c55d7e-9b84-4742-9587-08e56756218b,6,canceled,9.280025
{time},a7206be3-6d1c-4735-a56a-2fc5fbe554e6,1,canceled,39.458606
{time},c856e156-65ac-4d32-a62d-683404bd153e,4,canceled,59.148740
{time},3260a18b-8a2c-4562-aaa8-3545b7a023dc,1,canceled,33.078674
{time},1163b683-db0d-48f4-930a-455447a01246,1,canceled,88.135097
{time},81f5ac56-d2cb-4136-a2dc-914f47a869f3,7,canceled,88.182799
{time},e219f7ad-541f-4b82-bc73-36bb8f31ec92,5,rejected,22.243694
{time},c36db498-2a9e-41a0-8be6-f527f996e7c1,10,completed,23.730894
{time},1d6c77a6-2aca-453d-ae95-93b5ec98db05,3,canceled,94.416408
{time},66586b81-34dd-412a-b85a-08623d6771a6,8,rejected,75.539941
{time},ea8b9c9a-48b2-4fc4-9f3f-637f729698c8,1,completed,68.010465
{time},cc206a5a-0a76-4e27-b222-9f41a0540788,3,completed,40.025692
{time},769cf585-6b38-4226-99a4-a6899844e634,5,canceled,50.722441
{time},ed6290a7-dcf9-4b7e-836c-67fe1487a54a,1,rejected,21.709169
{time},4100eb0b-7f3b-4c13-82ff-7224d184507e,10,completed,20.334107
{time},a575002e-0749-473b-af62-b9498d9aa26d,7,canceled,9.265650
{time},43b68aaf-5cef-4ec2-97c2-15631289f895,7,completed,47.289082
{time},001406e9-1ace-429a-8d90-d5845aa9f20a,9,rejected,80.504326
{time},f0459c42-902b-466c-93fb-be98fadecced,9,rejected,88.527544
{time},71eec826-7154-4ee2-9e19-a3343eb12db3,8,completed,85.849874
{time},adac89de-907c-486c-af67-7f4d6a84152e,10,completed,9.964877
{time},045f902f-0566-4c19-bfca-27ae390e8a33,1,rejected,65.103671
{time},22c3b0c1-88f8-4c4d-9fcf-ce35c29400bc,1,completed,57.263574
{time},53fb1a82-9869-4cae-8352-4f26d47bdf95,7,canceled,21.412480
{time},b7e2fe7c-4c8f-49ef-a3a4-0d2bee6b7776,3,canceled,25.998517
{time},8f03cc62-1624-4949-a3ee-1f5a2f559776,1,rejected,71.012021
{time},c3bf8043-19d7-42b1-8b5c-421b78222fa2,10,completed,67.168366
{time},8a6b12d0-4f44-46bb-a5ce-02b32c227578,2,canceled,62.543399
{time},a1809299-6084-4ba0-87a0-a31549b8c4f3,1,canceled,42.952420
{time},a62a0e7b-f846-4a14-8a5d-a819821ecb18,9,canceled,26.800517
{time},589f38ed-6dbb-4184-8815-5a71ce29a6b0,9,rejected,16.184226
{time},cf6dee2f-a0b8-46c6-9039-ce3ab2f090cf,6,completed,49.753422
{time},3d7e72e2-42c9-4e16-b4ac-0c1fd312556f,1,canceled,78.786031
{time},0dbabcb4-7c1f-4990-bbec-d8924926db51,5,canceled,49.156182
{time},fe730e26-35f0-4563-adb1-17cb36343ed3,3,completed,54.875743
{time},74f8c0fd-f576-4a34-add4-3e4129627c3d,8,canceled,51.221975
{time},98cc3089-edd6-4f17-81d8-0b1fd30b16c1,10,rejected,42.212475
{time},cd9b58c7-3da0-433b-bfe3-8f2f58176c6f,7,rejected,92.407717
{time},5b8a27e3-54d6-4eb4-bbea-3488fb6a85bd,4,canceled,21.105831
{time},37e39a18-0dce-45bb-893f-b5107ab8964c,4,canceled,79.610278
{time},875e12d5-4801-432c-bc7b-81653a8d8837,10,canceled,80.340395
{time},4e08992c-1199-4a3c-9a32-8a81d1b968cf,6,completed,46.378665
{time},af89a8f7-b49e-4db5-98c0-3bb7a31f1a71,2,canceled,22.284081
{time},de3ad1c1-b76c-4be2-bd5f-ba534c51d498,1,completed,63.429771
{time},bbdc94c1-e071-445b-9ab6-8dd3c9d3e9e8,4,rejected,31.950640
{time},88a2c821-ff7c-483e-8d93-af71acd91dbe,2,rejected,48.492493
{time},749736d9-b893-47d6-a643-395be0bd6a01,9,completed,31.756402
{time},9e405335-0036-43fd-96b0-1b85de6c8923,8,rejected,12.401121
{time},6e785db2-f389-4fc0-80a7-2bc3b9f1557e,8,rejected,31.692209
{time},5d84f052-d466-4c7e-b6c9-20dfb70cf016,10,canceled,9.634088
{time},36331d35-a503-45fd-8e4e-6576a04b3865,10,canceled,54.446933
{time},67e5523c-6972-4f1d-b32f-2740ef6dfa70,5,canceled,72.356964
{time},d89d88c7-7fdb-48ee-9878-7b7119554018,4,canceled,29.185428
{time},8b9cfb6e-c3a3-446c-9baf-b3f7b3b2a7e7,1,canceled,37.362672
{time},d73f6841-16b7-4460-bd60-8036bc8a34fb,7,completed,1.705770
{time},decdb62d-d4c0-4df1-85c4-fd2e26e32e77,10,canceled,47.912895
{time},88a675aa-6edb-4f79-8ebc-a46392006da8,5,rejected,98.533113
{time},b7353e15-bf5e-4c17-ae3d-027e8457703e,7,canceled,6.111016
{time},76cd0687-6e52-451c-9092-e01ebc641349,7,rejected,60.686076
{time},ed27fbe0-e8f4-4111-b082-7254ff74b82d,3,rejected,93.830849
{time},a5db1e88-ca68-4d92-acd2-01d8f10b97d5,4,completed,19.278848
{time},38328f83-6285-4382-979c-6da1903fea61,4,canceled,73.230077
{time},e6f6d1f1-5575-498b-b66d-36cb88874531,10,completed,9.804651
{time},dbbfcf27-a809-4353-9946-46b13dbde838,4,rejected,54.116095
{time},523e352c-db91-4f80-b026-e17f1e35b306,1,rejected,27.672786
{time},01198a0d-d43f-4b0d-817c-e8699b131b1d,1,completed,22.132479
{time},05fcaeca-047e-4f80-98bf-b302d920e063,3,canceled,7.615827
{time},be29c201-b364-415b-b64a-7e34e5dfd1f3,4,completed,7.584366
{time},2995c30a-a79b-4928-8f2e-eb54c1fa2b54,1,canceled,80.941628
{time},f907e071-38de-480e-862c-3a9d626e77d1,10,canceled,99.099229
{time},9b20334e-61d0-4361-a850-7a67c42a5a8c,1,rejected,10.141061
{time},d69db111-6843-4631-9373-68a4f4fbcc4b,9,completed,2.034300
{time},51f2443d-1e96-4e46-a1d0-7dc8a648fd13,8,rejected,44.256820
{time},793864fd-3998-4fb0-b606-6f2e6737cab1,2,rejected,40.264485
{time},e6c09602-7754-432a-a5fd-58cc3f7e7cd3,9,rejected,1.825968
{time},94f428aa-cf29-45df-8428-da8f757b5f35,9,completed,90.961130
{time},6c0d6c2a-0f2f-4d31-b9fc-dda584b414ed,10,rejected,78.792352
{time},4d4285e0-3603-443a-8632-1b72e7aae0ba,3,canceled,97.555464
{time},b10c61f7-c3c4-4f43-b537-9879e5ff1173,9,rejected,8.114399
{time},1f67e395-27db-483b-af19-497c88592a5e,5,completed,22.314382
{time},428d86b0-b979-4e30-9c4a-4bd09cf09453,9,rejected,17.424873
{time},fec878a1-486d-41ed-8659-462b9570e037,1,completed,21.387409
{time},6472a23f-4ee0-49c3-b7d3-0dad0df49875,1,completed,80.652948
{time},eac29fb8-1aa5-48ec-b7c7-d9bbe80063fe,2,completed,72.512571
{time},7ef5e940-d320-4df5-9653-45405a02721b,7,completed,54.183451
{time},f09d4ca7-a315-41db-85fb-cb98a3f6aef1,1,canceled,29.860070
{time},642f1ca8-21bb-45fc-b73c-a47db2e5b08c,2,rejected,71.881575
{time},6adab2a3-63ed-40a3-915c-bc9c0c509bc1,4,canceled,11.735772
{time},fceac009-ae62-4ee0-8e98-5c34c5907a36,6,rejected,70.790251
{time},72e55b56-4e7d-4415-b5c5-52eff92607dd,2,rejected,65.559271
{time},3d94d27f-dbc3-4d06-bd5d-2009f5ad4318,7,completed,12.807187
{time},cbf9bcfa-9ba3-4c0d-9d4c-484f3be9ac41,5,canceled,12.140181
{time},775a581a-66f6-4e09-a113-8ea542ae1d17,3,completed,38.830037
{time},a0aef13b-ca14-4cfa-805a-923e69989731,8,canceled,93.569186
{time},f0723533-f81d-438e-842e-0039396da92d,1,completed,96.066711
{time},3aff8a66-5212-4029-8b54-3ffcf8fef7e1,5,canceled,63.675824
{time},2ae9a736-cecb-4330-8c67-bf18afde805e,6,rejected,21.861518
{time},5e25b31e-bfd8-4d54-a250-e27462c960cd,7,rejected,55.232189
{time},53781d2b-84a9-463e-8bef-091d7d926d51,2,completed,17.471268
{time},2cc75d05-c49f-4ab0-a53e-da9f3edf150e,8,canceled,32.146681
{time},5cddbd64-12a7-4a41-b0ea-7dbb22e51ed7,3,canceled,79.089530
{time},b8bc4d6e-d672-4329-9eb2-8a3648c47e19,6,completed,23.577282
{time},ff1e48c6-c1c3-47f5-bb9e-46fad5e9549a,9,canceled,16.785517
{time},7d879854-9766-4095-829e-36d635bb28ec,2,canceled,41.857351
{time},d0361fd8-1e6a-4e41-98df-d39aab10ad6d,3,rejected,60.135437
{time},412ba636-aa43-4ce5-bf22-1586697ead31,6,canceled,63.605186
{time},515a85aa-73b9-447a-b7a7-72ff22c6cd8b,2,canceled,67.267715
{time},7dbeaeb2-c706-44b6-9ea4-553d26677d71,8,rejected,5.179713
{time},d2b0cc54-0123-4b25-8cf7-631c65173f9f,4,completed,5.678815
{time},01590a58-8919-47c3-90a2-e2e027f83b26,6,completed,60.671167
{time},3114eff1-8325-4aae-a5f5-2b4f13340e44,1,canceled,18.432682
{time},113fe858-c739-4bf5-a69f-63c6c752d6be,5,completed,36.273312
{time},7a2702c9-5b8a-439a-ad04-8f2190c8313c,10,completed,67.080982
{time},3d4d92f9-6f4b-47a7-a69d-6d49aaeeec2d,3,rejected,39.279308
{time},24f68f52-e4ae-4219-9242-53d95d558586,5,rejected,34.418597
{time},a8db85b3-22a5-45b4-99da-cb1cfc5fa82e,2,canceled,4.505166
{time},4e906056-bcec-4035-b4b9-87e3a53da1e5,3,canceled,42.542151
{time},59f6668a-bb64-4d94-8ac9-60ec7e109496,2,canceled,90.581929
{time},ce8f4505-4de7-4677-85f5-b8dc980d3218,10,rejected,64.558935
{time},9c76574c-3693-4129-846a-c5d77125472b,8,rejected,92.740695
{time},40510223-b9e2-4e0d-b394-0e43c634abd1,1,rejected,16.157130
{time},b6e48857-dc1b-4d07-894f-180fd7bf95ae,3,canceled,59.583392
{time},378daa53-438d-41a5-9165-99b18274a30f,3,completed,52.929077
{time},840612cc-fdbd-4aa5-99d1-6000f4ca0fb8,5,rejected,96.019923
{time},de0e099b-45d7-484d-a505-b14ee0406b7f,1,rejected,33.967730
{time},2c74fba3-5890-4a8c-b10d-4ca032e72a07,3,canceled,26.711869
{time},56665f10-5962-4169-a9a4-de1056a95871,4,completed,58.195604
{time},3904dc11-ca1c-420c-8c45-533d98c4e4ae,5,canceled,7.140638
{time},0c9bb1de-ef81-4fd0-b0df-100a4f26b724,3,canceled,90.008624
{time},0d278455-9f3f-4d50-97d0-9bd7b01d1332,1,rejected,16.298092
{time},871d0790-9f78-4548-91fd-2b8845c9db9f,8,canceled,3.156794
{time},84c24689-79d8-4cd4-b3c3-3b02c36a96fe,8,completed,76.865799
{time},500be1af-9d88-48f8-a2f3-98f826cf3e69,8,completed,42.975022
{time},9f347901-fd15-4d6f-832e-5fc948012478,2,rejected,58.823541
{time},cda97e60-5503-4ced-9713-21302d3f0abf,9,completed,68.818270
{time},2e5f278d-9c4b-488d-8036-645f6ba50128,3,canceled,83.842727
{time},e7bb810b-2883-4e6c-86d5-7336a58b8bf0,10,completed,97.325117
{time},cae371c5-f709-4748-be94-b2f1f6478713,10,completed,11.964055
{time},9ecaf676-9475-4dbe-8d30-4b698b9898eb,2,completed,2.994922
{time},199be290-4a46-4fcd-b763-d5e22159b922,6,completed,53.005230
{time},6f062dee-c91f-412e-bcf3-033efee53829,10,rejected,49.840118
{time},b0ee53e4-947d-48d4-8edb-4cd359d1777a,8,completed,18.260768
{time},fa8e4643-baa0-41b5-985a-219b0e8ea014,1,completed,1.254061
{time},44377cf0-2a9d-4d24-882e-95cf562619a5,3,completed,56.316892
{time},35d10e39-fca7-42c6-975e-dc81b5aa240a,7,canceled,14.765776
{time},60cd0e76-0a58-42a7-bf01-581808b7cfc9,3,rejected,20.882521
{time},1c09527d-f0b4-4c61-89d8-7234bbc621a4,3,rejected,31.520056
{time},0715e850-3afc-4fac-b5aa-4e41dd310086,2,rejected,42.527534
{time},6926dc33-f018-4c2c-876f-71fceaad451a,9,completed,71.257583
{time},d7cbc869-f6c8-4005-8a68-423d6f072c42,6,completed,99.577457
{time},00ac4974-91a1-4dee-bf68-7bc33eb1b7a8,7,completed,17.832935
{time},87bafe4e-4bb9-4f52-a740-7bb94f1ccaf9,3,rejected,77.816092
{time},129a5ed3-db3a-41a3-a967-233d9838626f,2,rejected,24.383850
{time},d70145c9-21cb-489e-99af-d059fbb71f96,1,rejected,95.039383
{time},9e90b91b-e5ac-4c78-bbb7-853423200cd7,3,canceled,4.108709
{time},2ce11768-7a12-4808-927a-1569eed9c272,6,rejected,38.147556
{time},cd7f579d-4724-4425-bcee-d04d54691468,7,canceled,54.547949
{time},8e581200-90d3-4b00-baa2-5aa41d1a85c2,5,rejected,50.989030
{time},87a22576-9a9f-4b62-9b13-c63711c70559,10,rejected,58.841677
{time},667ebe84-d9b5-4788-a5cd-870d7174c42a,1,completed,98.953951
{time},8e5db05d-71ca-4a57-a971-cd8b799d829c,10,rejected,88.910943
{time},4575075b-aaed-4e9c-9fcc-c3e1fe4fb01f,7,completed,20.343271
{time},97975790-be47-4e64-a9fe-d049d7acf1f5,1,canceled,61.009571
{time},287b6c4a-f65c-417a-b13a-8d4fae2b15be,4,canceled,28.065041
{time},fc14e4fa-a84d-43bc-96f7-40c05cef9f51,7,completed,32.741614
{time},3be1708b-6cd2-4614-97f8-527d7f109672,7,rejected,76.233274
{time},31db45cc-53e3-446f-ab91-cb19e2b8f04d,7,canceled,79.573712
{time},c756b4be-fb2d-4e91-b692-a9832fd7c336,10,canceled,15.990869
{time},f1f6dbe4-d161-4b14-be29-149129a157e1,2,rejected,19.165319
{time},a72581ab-b495-4e58-bb9a-f2ed1e1ecf07,1,canceled,72.217698
{time},d38ad183-1a60-4d82-a32d-dd7e509851ef,6,rejected,29.888309
{time},d9eb1c4e-d91f-4b81-9687-364c62d2bc5e,3,completed,77.290178
{time},e6bec738-86a8-4766-a727-2ad31e114683,10,rejected,55.117388
{time},4a4b2223-0645-4bab-8e35-b7f6b4f01642,6,rejected,49.010785
{time},65e417f6-d04d-4ee2-b5a3-e85e67b91a01,10,completed,18.798323
{time},39c7a1dd-8f36-48b3-b710-66daaa2f5556,1,completed,90.328572
{time},a80fd1bc-037c-490b-a93f-0521dd93332d,7,rejected,70.132780
{time},7fd58123-d5ae-4d21-b0d9-939511662b13,8,completed,60.413220
{time},67ca5eed-9b1b-4973-a905-fe2dbc1b9091,7,completed,88.028961
{time},f92dc32e-3b8a-40fa-af18-6936af638dbd,5,canceled,81.312119
{time},cecb0598-f114-4485-b1ea-d9c646930677,9,completed,7.627325
{time},4e1b685c-48fb-4b25-897a-e07ae4d20bf4,8,completed,52.646950
{time},23368649-a919-4ba1-ad1f-6ba51cf08a8c,4,completed,99.703170
{time},1641fd96-3351-42ec-9ae1-433764f3d779,5,canceled,66.740144
{time},aa80c90c-324b-4831-9899-77b6fa36bb23,4,completed,31.618018
{time},4b943e08-c4ff-457c-822d-556ade07bd2d,10,completed,15.896929
{time},c7ccef0f-bd9f-41b2-93b8-ca846382a027,8,rejected,84.692772
{time},45bc0773-e5e2-4064-aa16-0990ef8a38c9,3,rejected,47.945880
{time},39e5e3f8-ae75-451f-97d4-4f1428edb543,6,canceled,14.966637
{time},cd6b4c97-c6b0-433d-8ede-7fa6ac074db7,2,rejected,90.772762
{time},5eb41a2c-95fe-4325-bd98-e59df243cc6f,7,completed,74.212286
{time},d923e8d4-dfa6-4d55-b9be-fb8d92cd586f,5,canceled,29.505824
{time},de62d462-8f2e-4700-856f-e2af09c3917a,3,canceled,42.435146
{time},4f8af902-29cb-42bf-9883-a48dbdf26f3e,1,completed,93.561800
{time},a3aeba86-881e-425a-8640-9a41fdd532eb,2,rejected,36.640025
{time},6742d7a1-22e9-4531-8be4-6039bc235576,5,rejected,40.148344
{time},7437ff13-d70f-491d-b92c-cf3937a3f1c4,10,rejected,33.919753
{time},7d345f57-69d5-45b5-8dc9-2cc2fcaec8c1,6,rejected,54.817302
{time},4f5cad32-f64d-4f23-877d-d35782f08694,4,canceled,37.957437
{time},da8b7e7d-7e48-4a0a-b642-72bd2e940c3a,3,rejected,64.237818
{time},6e93f06e-4a14-4e8b-9661-01bb6f25ec29,8,completed,19.686075
{time},8d85eddd-8bb9-4e2b-b883-8ae03ec2509a,5,rejected,56.997089
{time},4d62f768-da0f-44b1-b412-cd5519eb17dd,3,rejected,97.314327
{time},7605a334-8457-4576-97db-947b2105c05f,5,completed,2.899578
{time},cb4ab60f-406b-4689-94bb-506249b96c3a,5,rejected,16.555469
{time},81663f58-ee19-4ee6-830f-880e40942975,10,completed,50.503568
{time},3ec69731-bf95-43c9-a22e-06984aaff2da,3,completed,60.248787
{time},987087c7-f041-434b-965c-992135418a6c,1,rejected,43.704518
{time},ea150ef3-2f70-4985-b1e8-ea254ebf5e01,3,rejected,66.051202
{time},fe0e18bd-322c-42e2-95cd-e0bce358c595,7,canceled,91.116712
{time},9e80800e-babf-4f57-ba62-65643365b5b4,3,completed,27.515885
{time},c155f3c0-fae0-4758-8bd4-2da76acebfff,2,canceled,46.863669
{time},a8834cf8-2fe6-4a71-92b4-1ae2f08fc08b,1,rejected,32.017765
{time},ca56aa2d-bfe0-42c0-adeb-6b69fae61871,6,rejected,21.026456
{time},6c0fcdaf-877a-4ba1-9728-5996366a15fd,2,rejected,1.646705
{time},b2551728-b34f-4e7f-b296-640dcc1aada1,2,canceled,19.578255
{time},7844a6d4-fcb3-4423-ba98-50933e9bd59f,2,completed,96.540487
{time},9275fd9a-41f2-4306-921d-8c7660cf963b,4,canceled,52.803337
{time},1d814162-b014-4550-892b-318f1716e9fd,7,completed,75.671949
{time},a565ba7b-5151-4ea7-826e-c0f02ae12429,10,rejected,40.757546
{time},8bf7bb1b-4a28-4b1a-89cd-0380fe0a3c44,6,canceled,52.545076
{time},91df1d3f-731a-4cba-87e2-c42d9b80c534,5,rejected,54.181986
{time},ea348986-adef-4823-a840-6979e02688b6,4,rejected,72.120328
{time},7fa7cfb3-0c81-46e3-910e-0322fe23ef2d,8,canceled,4.769755
{time},9d51604f-98e1-464b-af7c-fb86be074c0a,6,completed,37.694689
{time},84930b65-027a-47e2-8c65-3864d6e9a723,2,canceled,29.818528
{time},1e0e494a-d08d-4854-9ef1-b3c70927a0eb,2,completed,47.618452
{time},d5616b7e-4d40-4923-a600-d1c28751f3bf,1,rejected,80.815734
{time},70ae8a15-efdc-47d5-916e-0dd6caa8bf3e,9,canceled,31.442793
{time},d2f27fe8-db8e-4048-8f15-dedab3a911fc,8,rejected,41.024092
{time},966acd43-5c4b-4e03-88c2-9df30ae27a76,8,completed,10.820827
{time},874c5da1-7eac-4639-ba54-38c4aa4ea915,7,completed,72.944313
{time},40e28673-e9d8-414f-8f05-70e23920d366,8,rejected,62.218802
{time},cd43a083-e692-4a60-80aa-d195ecba6a3a,10,completed,86.198056
{time},f3a1eff1-91f0-4cd7-9fe9-93dd8ffa561a,6,canceled,27.599985
{time},0a41e0f5-352e-4759-b201-867902b29665,1,canceled,95.957044
{time},9db6c830-1591-439b-b644-4b8eae3b2f3d,5,rejected,47.131574
{time},878232f0-004a-4ac5-a08d-d3bdc7fd3b43,6,completed,61.357895
{time},67f474af-5541-49ae-a03b-0e78c9047c53,4,canceled,45.381934
{time},2e94be71-43f9-4d8c-b107-2b641e599499,9,completed,62.250871
{time},e3dd7edf-c3af-4ed2-99ca-5376696d9716,9,rejected,75.894648
{time},43993672-2b2a-4116-9c18-f90f38ec2688,3,rejected,97.937124
{time},3803fd7a-7b9c-45b7-affc-e61aaf2628e5,6,rejected,22.814025
{time},1d1c62ec-ef0a-4101-9ed9-644c63f165b9,6,completed,42.113849
{time},197c8b30-2c91-4a77-938e-be09959b791e,5,completed,96.019682
{time},53290cac-3c33-44f8-98fa-542db7590334,1,rejected,18.913140
{time},b455ec40-61e0-4d98-9d42-c8335bd518c1,10,completed,8.730758
{time},14b81e46-5ec6-4612-b4eb-c093fe88846a,1,canceled,37.598319
{time},31cc2422-bfe2-4523-b289-b22de89f0fc9,3,canceled,98.459863
{time},9ba10765-1cf9-4a2a-967b-1cb4e9b3d28e,8,rejected,39.866419
{time},7075da89-144d-4173-b576-5eb149a65821,9,completed,86.400468
{time},98b25091-8cc2-4f48-bf7e-9e93280c578d,6,completed,68.672869
{time},e98433ab-a640-47b3-81e3-528135660386,3,canceled,9.211826
{time},02a59991-0b7a-489a-83c1-b7514b3bd192,9,completed,42.235185
{time},ee4fbce9-2d9a-4a59-bec8-bf540654ea06,5,canceled,90.091670
{time},c8facf03-3a2a-4a1d-83e3-579753602402,9,canceled,26.873812
{time},6393af87-8463-49df-b25c-c830f8631bcc,3,rejected,22.887555
{time},c241d4c5-5f6a-4228-b492-03ea97bc3e44,9,canceled,24.493568
{time},c4183709-f98d-4f0e-9120-96cc8144b5df,3,canceled,33.812162
{time},b5da89e4-9104-4efd-8052-e2fe0c7e4d10,3,rejected,2.618130
{time},25c6472a-6f5e-4709-a361-478ece758a50,3,canceled,76.224096
{time},f1280830-f176-411a-bd9c-0e19d38fb69f,3,rejected,68.372719
{time},5233849d-a20b-47f3-b6a3-38506d2fdd2e,3,completed,22.012297
{time},9e740da2-9b89-4de9-931f-86f0167cc8d1,4,canceled,50.123208
{time},2118700c-9042-42d8-ae16-df1835f5acf5,9,canceled,49.878876
{time},5f2753b3-f5eb-45df-82a9-26622a718372,2,completed,33.688287
{time},5b3c9173-473e-4543-9f12-af3a0daa9f34,6,rejected,55.693536
{time},a9f6b101-d71e-44da-90ed-5a8601779afd,1,canceled,2.322987
{time},4f560e10-1e6a-4714-a53f-df50a753e6be,10,rejected,67.202088
{time},62174296-fb0d-47b3-8993-c55e6c72bbae,1,completed,9.621157
{time},1a036d9a-ca6f-4730-9111-49a5b9f10c18,7,canceled,82.825095
{time},9d460db2-5d3f-4c11-90ac-01423445d0d0,10,completed,51.354642
{time},4a665dad-f402-4d47-9a39-389c24c708e6,1,completed,83.307507
{time},6c163786-b3a5-4c0f-bcf8-6c87a71c1634,2,canceled,26.485889
{time},b831e734-0275-43fc-9951-af3cd46077d3,4,rejected,71.753722
{time},258cfce9-1fe9-4757-bc3d-6ffe8cff29f0,2,completed,19.141955
{time},e324f3be-1406-4ab1-807e-051d4986fa56,2,canceled,10.016421
{time},0417cfe2-ccde-4bd8-9f9b-47e98619df5c,8,completed,73.207340
{time},9188c46e-1179-4800-86de-1dd922931bea,10,completed,4.430839
{time},54eb50e4-6ea0-4799-b2c7-6fb03f25a1a9,10,canceled,74.171318
{time},12f11c2d-ea12-4e46-8aff-8e44cdc201b0,7,canceled,66.250113
{time},10ded852-4d2d-489e-9bb1-aaefbbf162c1,6,completed,86.827412
{time},89a0750f-cfa3-4bfa-a4ee-133475f304e4,1,canceled,41.995235
{time},12e99ff1-07a5-4315-9b0a-a4f0676b0b09,9,completed,82.932335
{time},198a49c8-8f99-42ba-b4ab-56e05a4a6d87,1,canceled,89.542706
{time},a41c3a4c-35bb-489b-b856-327c48fd2096,2,canceled,44.658403
{time},d5442118-f954-4ddd-ba79-87497ee4c073,1,rejected,74.090389
{time},48f6e9d4-4f4f-499f-8124-81cf72843683,2,canceled,97.032116
{time},4d42be40-d8ad-4430-a300-f625ff840848,8,completed,6.413637
{time},a1685eb4-f936-495e-b5e0-6f9dfa4ba73e,7,rejected,71.499237
{time},1e72b590-5b70-409b-aa5c-0f2521c372c5,1,rejected,81.554767
{time},ae1e4f5a-d033-497c-8fd6-04362937fb2e,5,completed,15.848547
{time},736b6af7-491d-4f16-915b-c401cf25271a,8,completed,68.212397
{time},288055d8-70be-44ac-b3d4-1ea9cb3663eb,8,canceled,90.058788
{time},b24c227c-910d-46cf-b634-fa1581de8abf,4,canceled,74.697696
{time},a10bec47-bfe4-4e1d-ad2b-6958a98a5b8c,1,completed,40.544137
{time},68591ad7-a0b8-49ad-9f78-a0c3ac89083e,4,completed,81.672760
{time},8fdc1479-a1f5-4c4c-8c3d-532142e1128c,6,canceled,32.001868
{time},ebf97475-1810-4bf9-8a0f-db789d0c5b2a,3,completed,71.443618
{time},7613aa84-f58a-4082-b5fe-3ae478d6ff06,7,completed,28.062189
{time},a8719dc9-427c-4ec0-af84-70c9c1c964e5,3,completed,38.464730
{time},043e9411-2e92-4fcd-93f9-be1189210976,10,canceled,55.754039
{time},fc031e84-1fad-4384-bdf0-5f49ed49858f,9,rejected,21.936541
{time},89b0cf17-54a1-47b0-8e25-9e80f9df8cdc,2,canceled,65.897857
{time},544ab793-30c1-4c8c-8bb6-e13ff4fb05b5,7,canceled,52.565492
{time},9dc48ab5-da1b-4c07-bf66-a4e9b0975f7a,10,rejected,11.683803
{time},c758d256-a8b7-465e-b371-8ccd71c8317f,2,rejected,22.423379
{time},9d4cb9f5-0c14-430f-9615-f28c2a7bad0e,10,rejected,44.918334
{time},5905265b-4aff-4cbf-9344-f9e9577823f0,1,completed,36.653522
{time},d450b551-a822-4dea-b00c-a31882f1b17d,10,completed,35.964512
{time},56f46d6a-1190-4f62-b24a-7546df6e0ac4,1,canceled,13.338917
{time},aa75da41-5f0d-4375-ba55-e09c3c1557e1,9,rejected,97.715873
{time},c0f853fc-3af6-420c-b522-153e1d338277,2,completed,72.279902
{time},444ba609-9711-4ee8-a5f7-69579cc77285,10,rejected,22.886009
{time},715d1fa5-7f44-4b83-a6f2-edeb0f82b5bf,3,completed,22.592232
{time},c52413ad-6e33-4488-8000-3221b6942fbb,3,completed,46.695991
{time},3ebe263e-0876-4ffd-b72d-1df2a8f623d3,4,completed,75.507449
{time},ed8b9b8a-9487-4443-b1a7-e403535693f3,7,canceled,3.779453
{time},5b78897e-bf3c-4059-a4e2-3e89e0176c0e,1,rejected,21.362651
{time},e875724d-aaca-4997-846a-0545ae8e736f,2,completed,31.427716
{time},4ba83629-2fe7-4411-b98f-a470a2ecbbe8,2,completed,26.671322
{time},842dd6e4-b9ca-410a-b7de-72601f4329d3,2,completed,69.836210
{time},724df7cc-3fd6-4646-823e-e2ea6dea5942,2,rejected,67.832050
{time},1e749105-217c-433a-bec4-075477358fbf,5,completed,74.018483
{time},5eebe1db-f591-47f1-91b0-bd284f97c2c9,9,rejected,82.461865
{time},5850800d-8c84-4df1-bbac-9865140af466,7,rejected,24.966584
{time},feedc79f-bce4-4a6c-8d3b-3326e9e52933,8,canceled,10.579967
{time},c41ec86e-b9cb-4185-9e3b-c3874f87c22e,9,completed,74.638244
{time},f5ab9a7b-3bc8-4fbd-ab6e-38e3568c3da4,8,canceled,31.115510
{time},8403c674-269e-45cf-9066-611721ea3c60,6,rejected,61.413215
{time},e47b9656-4cc1-4e1c-895e-c66bdda63287,10,completed,48.071853
{time},19cf6c4e-6d9a-4d73-aac4-4d745c59c69a,5,canceled,36.474691
{time},ae876758-bb44-4464-98d8-0a6d41c7fe7a,7,completed,94.665771
{time},bff6c18f-b5f5-4bc8-9081-c16cca6c604d,2,canceled,47.749383
{time},a0997669-6038-466e-b375-3c1b6e65fcd3,3,rejected,5.382424
{time},b91f323f-84de-4b6a-9170-43f80c43a90c,2,canceled,59.099132
{time},9f2ccbb5-e537-42c3-9b01-e83c3bde34ae,5,rejected,14.717876
{time},0fc49ab9-94e9-45e9-a2d6-5d79dfeaaaec,1,canceled,67.559605
{time},b57f290c-d51b-4f64-b112-b50ead10d038,1,completed,1.214493
{time},6412794c-3ec4-42a3-abca-c6da51b33276,4,completed,67.828236
{time},b892c683-d2e7-4c3f-b198-73d64d83f908,4,rejected,47.415605
{time},8a971c5c-bf83-401a-b8ea-ba3f2ace5a30,5,completed,78.627306
{time},15e30e66-a98a-49c5-a82e-d074af22d473,5,canceled,88.995956
{time},92845cf9-d7e8-4717-8892-cd794550bebf,5,rejected,69.048704
{time},3a62a118-6ec5-46b4-ab34-443df33ca23b,10,canceled,46.177260
{time},ee7d1432-54b6-429b-9bd4-2e986f2e3cce,5,canceled,55.943489
{time},538d598d-9f0b-4e0b-97cd-c48deff9e60f,1,canceled,75.831547
{time},4ebdbf65-31ab-44ed-8230-8880a94cc2b0,10,canceled,39.798220
{time},da57e992-ad66-476b-bf8c-c0e02b9ba9f5,9,canceled,70.264692
{time},ee917979-7d71-4e87-b7db-4c6e089185ff,10,rejected,2.473620
{time},955154ec-122f-4a48-b7f3-8ce67edbedc9,9,completed,22.564462
{time},f82967b2-ab23-4e0f-bdd3-75b2e832061f,6,completed,10.683269
{time},f530d63a-d26f-45ba-8b6c-de461e9dd5f2,10,canceled,43.024496
{time},4072fc91-fb46-45d6-8505-efe152dedbfb,3,canceled,11.629864
{time},770c0963-3d50-41c0-ad55-788a8f189990,6,canceled,20.410810
{time},603ec925-7308-41b4-b5f6-9bcb2b564dd9,2,rejected,7.427585
{time},659da896-ca77-4eca-b655-ccda7eeff421,6,rejected,20.186441
{time},6128af6d-74b0-4fa0-a057-15a9398b6cbc,9,canceled,52.107836
{time},3910ec71-c231-4809-ae27-dd589f12bfad,2,canceled,54.952873
{time},3c1f57a9-10d0-4088-9a88-20ac398f9724,5,rejected,29.577089
{time},94cd82c6-d7e4-4694-9862-a123de15e8f5,7,canceled,37.895178
{time},27e46d60-a968-4e7c-b351-d680895ce099,3,canceled,24.447257
{time},71c4e1f7-083b-4900-bcb8-a7db0d27f3d4,4,canceled,37.760087
{time},73c41132-fb29-46e9-ad60-18f74ce6789a,9,completed,83.843145
{time},d5411896-42c2-4ed7-8df4-904084d44bb4,8,rejected,60.005164
{time},a283fd32-ab6a-4c47-83e1-3a0b49f244a4,10,completed,42.883572
{time},828b5d44-69af-470e-9a1e-fa702a5859d6,6,rejected,7.325087
{time},9f46e942-8208-48c8-ba6a-313d32f78484,2,canceled,18.342252
{time},6cf0adb9-ae93-4c47-8f73-7d69c111a8f2,2,rejected,9.149929
{time},1f4386b0-fcf1-4828-a5dc-c7e2cb6e72cd,8,canceled,49.548840
{time},393ceda9-6cb4-4206-a3ec-694ccc6d467c,9,rejected,37.267940
{time},a2a6c290-e060-49ca-a590-40a25b27de0f,5,rejected,8.693461
{time},9f9efc3a-713e-4cf6-9c37-38ddf656390d,6,completed,34.752275
{time},a096d728-c009-463d-915e-f98c76c1ccb7,1,rejected,39.767050
{time},eb3901ea-d180-4a0d-a36c-30ea4568215f,8,completed,62.113085
{time},b93b0231-fac0-4c15-b96e-da9934495f37,9,canceled,34.142609
{time},a0430ba2-ae37-43f4-97fa-ffb812db464a,4,completed,35.645913
{time},356907eb-5821-4b51-96b9-3f5d294768bb,6,canceled,82.908686
{time},01674213-0ba3-40e9-be23-fe767957c236,9,completed,47.126071
{time},3de8f727-845d-4cc1-9536-d0cf5930d43f,9,completed,28.930599
{time},db510fe5-ec9a-469d-bfa4-0552a45a9447,10,completed,18.862800
{time},a445be28-0071-487e-a70f-6299a06780ba,2,rejected,44.912184
{time},90c9f483-fa56-4147-a1b2-3daf35572ffa,2,canceled,80.363086
{time},f8ca98ec-f335-49d6-92d7-650db1bbb09d,3,canceled,64.748854
{time},b5ba12fc-2459-43e6-b63d-a925a8110238,4,completed,20.690251
{time},c8244ac3-2f8d-46a8-9662-b11f131cfdee,2,canceled,37.201794
{time},ec06ac57-3851-4d2c-92a5-2a05974640cf,8,rejected,20.182143
{time},e6f1db67-1cfa-41f9-b1d6-784a393e053e,7,canceled,69.726799
{time},bd6a0b5c-8a33-4d78-9683-ee4d67e465a2,6,completed,13.206554
{time},06cc6408-794b-460a-89f0-1834febbf28c,3,canceled,54.708808
{time},3fd6ecf6-4553-41ad-a02f-f958a58b0a22,4,completed,63.185120
{time},2cbc51fb-574b-41e0-b532-18e0cef1b24f,6,rejected,51.263055
{time},a392a1fd-54eb-4e97-9c2f-2396231e8989,5,rejected,23.289511
{time},c6bb656b-5a86-408b-9a57-816e08be59a0,5,canceled,66.475958
{time},4083f707-c603-41a1-8d70-0054d9c9f33d,9,completed,20.239376
{time},37d353f8-502e-4af8-a5c9-3bc137ef327f,2,completed,82.047920
{time},e4406bb8-5e42-44d4-a329-e18a2e4e780d,3,completed,89.185732
{time},f8a4e383-5feb-4ea1-9270-1fb6d37e3efd,2,completed,6.859469
{time},2f315fc1-e476-4c32-bee5-4c0480206768,10,canceled,56.070977
{time},c8b85bd6-d342-45dc-a087-41edb4908225,1,rejected,34.779657
{time},4be7c482-0676-4838-ac1f-40faeef79266,2,rejected,11.311441
{time},7974023f-fd87-430e-b934-9522d167beda,9,completed,41.058209
{time},ecf5e06c-92fd-45c4-9052-9ddcca0e90e6,9,canceled,32.127989
{time},02e0223b-3b50-4225-94df-97595e36d74b,9,rejected,67.266853
{time},130df86a-977d-4a20-8571-ef2bb7894d70,5,completed,74.982992
{time},3f7efaf8-f9f5-4d80-a525-b42c98a21110,4,rejected,85.560105
{time},4dd2ebd5-a970-4e0e-af5c-ccf82c9bd247,5,canceled,34.600111
{time},be063e3b-b1f1-4dca-b813-d40603144407,1,canceled,75.353287
{time},0c9eb2d0-c916-4eef-8e81-4aa0cc6f38a0,9,canceled,85.477045
{time},290bce07-9b09-49c2-8d66-11f726357dd9,5,canceled,41.822099
{time},699a04c6-f22e-4468-b97e-53aca5638553,7,rejected,17.683552
{time},fba937ef-66e1-472d-bb4c-b49ead573774,1,completed,15.970595
{time},6a292de3-85c2-49e5-a269-f577722c23de,3,rejected,86.219683
{time},c3cbb196-9fed-445f-9fd9-04bd6376e492,3,completed,98.448713
{time},d9acc4fc-0efc-4693-9533-412a808abe19,1,rejected,8.407969
{time},8ad1b6b8-b938-4964-845a-eb802331d2b2,8,canceled,24.951246
{time},77d9e41b-76ba-49dc-ba30-fc97735abb2a,8,rejected,67.473797
{time},e1c5b100-c535-458f-a89b-5e40f8b302a7,6,completed,29.882312
{time},594c7a02-575b-4b2a-8bdc-68458bf20437,9,rejected,81.667714
{time},67732d0a-4319-40bc-82c9-76ac2ac07af4,7,completed,56.039813
{time},79b0c4c5-67f4-441a-99b4-06ae57a43453,8,rejected,43.400303
{time},4a8d49ab-a580-40b8-8619-bd77c4e2291d,3,completed,19.862628
{time},dc0473c0-f556-46bc-9500-a04630840b37,6,canceled,4.947348
{time},40a232da-6466-4abb-a0a2-6bc693229572,6,completed,26.577257
{time},3908a7ee-e58c-4eac-9a4c-8c333a94c4ef,5,canceled,4.761046
{time},6ba58941-f60a-456e-b0da-b115ff459ebf,7,completed,35.283695
{time},da33db4d-a75f-4436-9580-92d089ecb8d5,9,canceled,62.970013
{time},b7632bac-32e4-4182-9095-fbd64857781e,9,rejected,31.107101
{time},cd6b0a3e-2482-4b72-b151-57ba2ddebe85,2,completed,69.896697
{time},ae5f1f4e-8174-435d-8bd8-1ad32990e5e4,4,canceled,15.282014
{time},a16a8cc0-c348-45fb-9406-00eeb7ce97fe,1,canceled,71.332161
{time},b50ce5bb-2a20-4a74-ba41-ffdeef21f444,7,completed,76.162724
{time},bc2bf2b8-e1ea-4de0-9787-0bc7fafb18c2,3,completed,96.842695
{time},6ce3479c-f102-40c5-a9c7-7b60047065de,1,rejected,95.771892
{time},04441aa5-6580-4f06-9325-b3cea1947188,8,rejected,43.709353
{time},8cfd1d01-8915-4cb9-aed1-c3f10bd000ed,4,completed,28.884163
{time},85983678-a976-455d-9c6a-d66bd26656a7,3,canceled,72.009967
{time},f0c4e3a4-5cc0-4a14-8a58-20737bccf2ec,10,completed,48.703118
{time},5d9b5909-c1d3-478b-a4f0-59778870f116,9,canceled,39.402821
{time},bace82f7-6e72-4052-bea9-72d5f90fa6ae,5,rejected,47.698337
{time},9ec9c28c-49a4-4e2d-a46e-3ce180a7797d,6,canceled,54.880622
{time},3fb1ff3a-59fe-456d-a4c9-c695e32c13ca,4,rejected,33.282813
{time},26cdd182-60e2-4df6-91b0-32c2620b4a7d,2,rejected,30.057843
{time},69a143a1-3c2d-4144-b49c-e8f6c4a54847,2,completed,36.231912
{time},2c663264-fc85-4e8b-a00a-fc5de5eed446,1,rejected,7.633784
{time},0b0ba29a-cc48-452f-8db6-455b0459aacf,8,rejected,37.866974
{time},a6be711b-5a7f-4d0b-a88c-7722538c6617,1,completed,40.780751
{time},e6bd4d06-718d-40e7-b26a-b0fd551531a5,4,canceled,28.188781
{time},67c40030-4852-4292-a410-bf32fd169062,2,completed,79.421062
{time},1f7f4c8f-18b2-4fc5-86e1-7f547f9caa1b,9,canceled,34.297744
{time},26c2b08b-3363-48b9-8467-34fadf01aa08,6,completed,49.143016
{time},7d0ba582-dc0e-4c4a-9833-8a507eb4fd89,9,rejected,61.832236
{time},e5df6519-7a52-477f-a9cf-080792d87e3a,10,rejected,61.405431
{time},d86f1db9-827c-44da-a857-b048a674d776,4,completed,46.732141
{time},817db7b6-82d7-4b0b-a646-897b28a54d4a,7,rejected,94.548833
{time},090a69ea-2ae7-4a9b-8ba1-7be38a80be49,1,canceled,24.047220
{time},df2cf039-916d-4799-9121-1f2fe49a8c47,7,completed,79.609463
{time},38036968-dc27-4c5b-a40c-e6bcdf1a2b8b,3,completed,51.583616
{time},03717d76-5d01-4605-87f0-096a13e1b6f9,9,rejected,36.167408
{time},aa6144d6-03eb-4924-97f1-32ccd520b995,8,completed,82.795676
{time},517b8a51-b4ae-4210-b178-e4b298ed2d68,10,completed,83.535539
{time},c13bd1a1-f161-4e8b-8c01-443caf12bf8b,8,completed,8.944257
{time},51b2dfb0-6cda-4c23-b0f7-70e504618646,5,canceled,74.686948
{time},f3801363-668e-406b-9d9c-c5f95dbf972d,2,canceled,13.408567
{time},9264251f-6c48-441c-a62d-ec9b6186af7c,3,canceled,67.344500
{time},eb7bf1b0-da8e-4c5a-83e6-c58ef32ada9d,8,rejected,89.501940
{time},fedd2089-cfbd-4e66-bd9c-a83858cfb950,4,canceled,75.978736
{time},96096457-0b8d-4072-a746-68d75aad8bca,1,rejected,37.217463
{time},be899bd8-29a5-4fd0-af8c-6bc12c0a3941,6,canceled,80.418080
{time},019acf5e-e22e-4e16-b6a4-a27189716951,6,completed,46.955324
{time},1dbe7ba2-4d23-4c70-a201-2862b0fa6f3e,5,rejected,59.061945
{time},851c59a3-f015-467d-9fd8-4ff5bd18a3f5,2,canceled,71.273321
{time},2a0cb7ac-5ad2-4c28-8d36-0f307fae751a,6,completed,72.031567
{time},9d5e5592-554d-45a2-a265-f95d47c1401c,6,rejected,84.265920
{time},f1f40cb1-e1b2-4c05-a694-e607a7879c99,7,rejected,38.652949
{time},5d161169-5b34-423a-aed9-45450d05cee1,9,canceled,70.053712
{time},e8af1d57-b5e9-4169-9421-f61464dce77c,3,canceled,40.834243
{time},23784725-5399-4395-84eb-a3a29e2fb0c4,8,canceled,1.558644
{time},6fa2937d-fa69-4fa5-bc4d-29425a320f73,3,canceled,65.928640
{time},704b4a8d-9ed5-48ac-9af0-409cdd575cf8,8,completed,4.857411
{time},87244d89-260e-4cd8-a21c-30035e0508f7,10,rejected,98.300076
{time},6619f625-7ace-4c5c-b842-cc712640a176,2,rejected,5.647857
{time},d9eea5e4-318f-484b-b12b-44d91e6163e5,3,completed,12.130449
{time},260b2574-0c15-4929-91cd-3cc3e74c7eaf,6,canceled,80.129867
{time},60276991-9270-45a9-8bd8-c56b103df8de,3,rejected,78.508870
{time},5ba73efe-5937-4bfb-bbc4-1e4b138ff9ba,1,canceled,79.349924
{time},b5bf2528-1198-4db6-bcd9-5ea1f35fcff8,5,rejected,23.212174
{time},590f3ef9-8df0-4aa4-9dca-901374294bff,1,rejected,10.993576
{time},a9b4e5df-cc17-4983-9857-33026ecdb647,9,canceled,7.713386
{time},4ae4b09a-05ac-4d5f-afdd-a0d0bb5bd85e,9,canceled,39.519236
{time},1bbb8e3f-e6b1-4755-8b0f-dd5b79cec22a,2,canceled,37.817451
{time},d9211ed0-6b57-4197-bcb2-025bcaed0967,7,canceled,53.750917
{time},43d03d47-41be-466c-9c2f-6f56952fb7b4,2,rejected,8.256156
{time},395db368-de3b-4961-8ef2-6e43be0f17cd,5,completed,80.319241
{time},a53ed0ec-1163-4013-8388-1625a4082b88,6,completed,26.585366
{time},4e1d01ab-1f19-4727-8f6d-04068a044d9f,4,canceled,39.108147
{time},9ebcffe2-9be2-4966-ab61-b4a69a66683e,9,rejected,2.032003
{time},2b09297f-ab84-44fa-a006-f6a7cab5422c,6,rejected,41.267892
{time},cf490fb5-5d6f-4f84-a595-3646138e1ce9,2,completed,84.129359
{time},d56e5ef6-f51b-49e7-a7b5-49fd22395f70,6,rejected,31.009827
{time},0910fdd5-9d5b-481d-942e-168f990395d1,9,rejected,37.855557
{time},71f39931-eb99-48ad-add4-8c32aef62737,7,rejected,6.176381
{time},d83c394a-e695-47fd-98e9-cc7a8336ba48,1,completed,46.705772
{time},b99d38b1-f8a7-4e5e-8f65-303f135bf36b,5,completed,8.913209
{time},7036f983-3cae-4b50-bb41-a310ce311a3a,10,canceled,79.495008
{time},b5676b81-170c-4528-9d4f-081211bcf32a,9,completed,33.568116
{time},e160505d-2e8c-400d-89b1-918fcaf0a6cb,2,rejected,29.187827
{time},8226c2d9-183e-47d0-bd27-218d51c6e84e,4,completed,72.316102
{time},2dec0b0f-e077-447d-b670-f4f0cbd5abed,1,rejected,1.486163
{time},e1880093-2a04-4583-8bb3-9883947dd65d,5,canceled,59.754800
{time},613e3159-746c-4a65-90b0-69cc806ea7d2,4,canceled,32.441725
{time},c39e9cb1-0c4b-4363-b7fb-3d707b7c7ee7,9,canceled,28.155305
{time},7a13bbf1-7240-41bb-87a3-f644d967ba7f,6,completed,88.939315
{time},8386c732-a29c-4e02-a141-971ab1b39aad,10,rejected,35.234672
{time},2e959a84-9de0-44ff-b9e5-42dadc481fcb,7,completed,77.142783
{time},a40fa299-39b8-44fb-8b7b-fddb1966ab19,8,rejected,95.017400
{time},ee1826d3-211d-4341-81c9-f0fbf1e8ff37,4,completed,42.475274
{time},4d4d468d-5b89-4766-ad04-6fb052687b4a,7,canceled,29.740417
{time},3f6ccf12-4879-41fa-922d-b0a3b090974c,1,canceled,21.593297
{time},4219ff6c-a870-4c2a-8d04-208b96f10863,5,completed,21.339801
{time},e0f26144-03b2-41d8-aae1-54b93dd8dfdf,9,completed,40.801388
{time},f9a2839e-9574-405d-a4df-4dae1590f042,6,rejected,53.763147
{time},74578cc3-f3ac-4924-b496-e4c46cff1cb7,5,completed,75.594757
{time},b7d8ab58-3074-42af-86a5-e6a6a4379444,4,canceled,76.771029
{time},583180c8-1560-47d9-903b-df0cae6e5c8d,9,canceled,4.990983
{time},06986ac5-662c-4578-867d-fcd00cfbc14b,3,completed,87.850612
{time},362a9d41-dea4-4d32-9b5e-a66bee8552f1,7,completed,96.055341
{time},7539d02e-6b27-42db-bf5f-479ae1905629,7,completed,99.019015
{time},52f1b344-10e2-4e4d-8377-4cd996fb7ebf,1,rejected,99.382205
{time},a48f4163-2062-4d73-9161-be6c5dd17f9b,9,completed,25.940991
{time},3852f056-acc7-43ce-9027-08b1fa82770a,9,completed,8.882456
{time},35d1587c-f6d8-4e5f-8b97-0380aafd0abb,4,completed,36.549063
{time},a904891b-fe49-4c94-9170-367b58c1a841,10,canceled,66.189723
{time},d85d7fe4-5da2-486e-946f-4bbb3cd87daf,4,rejected,66.466846
{time},80bddd93-c73a-453e-86eb-961eec43d4a4,5,completed,92.160916
{time},c67bc81b-d41a-42e7-892f-bd4ef0ef45de,4,rejected,3.449803
{time},173a86ab-8eed-42a6-bc00-38780cb72917,8,canceled,38.567785
{time},27d7ff86-54bc-4ae3-b0ae-7dfca26039b8,1,canceled,86.614527
{time},ea25e49d-c26e-4f6e-8b98-603cded97cc7,3,rejected,34.995460
{time},13ec6da3-0773-4fda-8e7c-0ebb3016cdb4,6,rejected,61.066931
{time},83fb815e-54d8-4250-8c3a-83bd7672257a,4,rejected,95.882390
{time},d42c15fe-66ee-4ed4-ad21-24beadcfb6fa,4,completed,28.055615
{time},84863868-7ef6-4cfc-9d68-93cb52d75ba4,6,rejected,84.951618
{time},9e4b41ba-f88e-4178-b558-94c6f6474074,10,completed,55.016474
{time},01f4ff02-a131-492e-882c-cb3a3e8c2a12,5,completed,28.541683
{time},f81d6d24-c1f1-49c0-a50c-ed79ece77f27,10,rejected,59.135692
{time},57587721-47bf-4a9f-9316-1238ffc1b480,8,canceled,71.635692
{time},2edfc803-4514-4ea7-b56e-ec7c2fb84369,2,rejected,1.606207
{time},42a2af4f-b803-489b-9b4f-dbffe4d8f7fc,9,rejected,97.773307
{time},cead455e-b285-447f-bdfb-ec70b10eb809,2,canceled,9.805852
{time},2f2330b0-e6f5-42d6-baf6-0ddf0340d754,4,canceled,46.803697
{time},b800dc33-81db-4dab-bfb7-e11563f69be7,6,completed,75.538262
{time},b9918e9e-221f-49f7-a09b-2235086c469e,1,rejected,67.019873
{time},d5991988-a541-4b12-84a9-f535a0b67dfa,9,completed,70.866172
{time},04849391-1e0d-477d-8457-48f519fd9ae9,2,canceled,14.943884
{time},636be6e4-6cee-4202-8fd6-697cc1f9e0c5,3,rejected,10.192467
{time},45f93aa5-1424-4df5-8ac9-b4cc05e4d776,8,rejected,98.502182
{time},a5b371f9-36aa-46dd-9434-43c56a9043b6,4,completed,12.345029
{time},f446f450-0a11-483f-ad31-da5cf224e728,7,rejected,88.487576
{time},8a36729e-5aff-4fc9-8336-879b82c93b96,10,rejected,84.112699
{time},a88fc7f3-af1c-44fc-98cf-222933a3f526,10,canceled,78.024496
{time},24189530-3277-424a-844a-65f182491eab,3,canceled,15.925018
{time},965e76df-8d9c-448b-a341-3e97470217b2,8,completed,41.864568
{time},efb98d29-3709-4dc2-b2ed-ff4d4362f367,8,rejected,94.861206
{time},7f204cdf-0f15-4d34-9b0d-5052b0839abb,7,completed,78.302390
{time},9102db4f-2a24-4d0d-bc58-993ba0182b3d,10,canceled,98.605966
{time},c751949a-75ca-43c3-b832-648176ba3eba,3,completed,59.680708
{time},5e1b3742-ff3f-43eb-8ddb-de5a8ff9128c,3,rejected,9.683948
{time},e4747e2e-955c-4283-9342-c2cb9f9035ea,8,canceled,59.675781
{time},78cb1fa2-a418-40f6-aa63-ce2b432303c0,8,canceled,48.138557
{time},e211b952-828f-4b27-bef5-c46948b30e5c,6,canceled,93.357136
{time},904e4cdf-696d-48f8-942c-e7d7db6507db,10,completed,10.055413
{time},6799f2fa-8a03-41d4-9a7f-55436d96ae21,4,completed,37.020059
{time},3f928dd9-6901-4456-95fd-21d39188e7a7,1,completed,21.763846
{time},74ce719c-2adf-4ee0-b478-24f3e08f3a1e,1,canceled,2.474939
{time},e849909e-bb28-4da5-a042-fb7b4203fb60,9,rejected,49.504223
{time},6d9c1abf-8b86-42ae-be83-fb3886f0dbb8,5,completed,53.800928
{time},78175123-976b-4c19-8bd7-afadc284dc9a,5,canceled,97.014933
{time},35825139-abe7-4fd4-8a1c-1ad006d03fe3,6,rejected,75.682023
{time},87bd4e52-5b09-4a1c-86df-3a920f5daa91,8,completed,80.984954
{time},93d29ba2-52a8-4933-afde-a875fc0258be,6,rejected,46.673493
{time},fcd71af9-7b73-4b3a-b737-edeb4f780388,8,rejected,39.456729
{time},59291e2e-2df9-4f1d-a849-8ae61e679588,2,canceled,45.061938
{time},e5310052-a5ac-4d8e-a13e-35a185bb10d4,8,canceled,52.182546
{time},140b5ccc-0887-48f7-bd6d-1150da17008e,3,canceled,91.849085
{time},e6c4ebf9-96fd-46e1-9c99-0b393b957c6d,7,canceled,13.233089
{time},dd2317c2-7496-43a3-b764-f964e2735856,4,canceled,41.160113
{time},25f27f38-adcf-4f8c-8dd7-fac447504195,7,canceled,64.592167
{time},b82b0e8a-8a88-4aae-9928-157c70e60635,4,completed,7.247948
{time},1d4b6e09-c050-4cf2-bb49-93144581be8d,7,completed,22.088247
{time},4e5fdaa3-1b10-4cc6-a733-b98e6c8eb3d2,9,completed,33.269676
{time},bd4832ea-03e2-4eb2-a721-137887a03831,9,completed,53.420967
{time},79e5721e-c742-40ce-8c8b-0851f4944a35,6,completed,85.476392
{time},2bc88ac6-f321-486a-8413-2767fdffb19a,8,canceled,50.878951
{time},e17e49fe-864b-42fc-831a-ca6f38454e36,2,rejected,68.277579
{time},2c78489d-53fa-4366-9a8f-bbfaea1731b3,1,completed,48.502483
{time},7b6b4f1d-117c-4d1e-9114-e95a8cce3ad1,1,rejected,56.469424
{time},d13cc7b4-5d43-4bd9-a180-229378855233,5,canceled,72.336747
{time},be2dba3b-98c3-4678-b880-370dc7d94e74,2,canceled,45.643817
{time},23682bd7-004b-484c-b4db-07ee9ff58bc1,5,rejected,92.992642
{time},e4aacdfa-0715-4a66-ae33-d3c2589c531b,9,completed,24.846234
{time},bdaa7d19-62d1-4a92-a659-6220263656ab,4,rejected,11.136034
{time},102e35c4-9c4d-4b01-8fdc-24d22e704928,10,canceled,15.210581
{time},f5b7050b-cdad-4e15-ad14-f71528b496b5,7,completed,75.046981
{time},7084c2dc-7a53-4734-92bf-a9ce7cbf6760,2,completed,35.453319
{time},34fa19be-22d9-4e26-bd9c-05ac96140b0c,5,completed,2.216376
{time},c8d1aecf-b636-481d-a88f-06b8e778e1ac,7,completed,97.457438
{time},e6c8cead-21a7-40dd-807f-c9f8fcaf50ae,1,completed,50.589514
{time},1fdae38a-03c2-4134-b1e7-19a97c46f9e9,7,completed,32.652712
{time},16e459ef-947a-46a6-b7f6-1cf498b6198f,4,completed,69.706167
{time},e091db7f-f394-4a05-82c2-bbe224f22747,2,rejected,19.233869
{time},b79e547f-6d4d-455f-8921-0b85aabf77d8,5,canceled,2.678741
{time},ac8e74c1-fdfd-4064-9d48-d0f142bf237e,9,completed,23.782208
{time},c484589c-59cc-4f94-b7bf-948a2cfa4076,1,rejected,89.219386
{time},735b8954-a75d-49f8-9a0c-ec0a93fe532f,4,canceled,28.690932
{time},9e3b967f-e8c7-4c5f-9086-86ac37352c41,2,completed,91.852478
{time},577f773e-adac-43f0-9e82-ce9cef007347,9,canceled,73.074430
{time},c596d252-38df-4a3e-80b7-b93fbbf002f4,4,canceled,47.043422
{time},efa42b9c-3140-4465-bf1b-c98e4ff36fce,3,rejected,14.102238
{time},7ec80eab-8711-41d3-b856-18301c4a483a,3,completed,94.820461
{time},3f5331ad-76a4-4c81-a1f8-ee5a7fbd2974,6,completed,98.169373
{time},15e1f54b-2a8b-4a4f-8f80-149e47726c5e,10,canceled,81.153001
{time},3dafa143-beed-418e-b86f-21a3fc2bb94d,10,rejected,76.373654
{time},7df465a2-3eed-48c8-bf68-205ca749c78b,10,completed,65.002110
{time},b4a2a5f5-be5a-48df-9aa0-a112f10b86bd,2,rejected,46.379449
{time},4c8a55f5-53f8-445f-8ff1-cc56dcd3ab12,2,rejected,81.552581
{time},67c99ede-f096-4c11-8285-d7e83dd813d1,10,rejected,53.945881
{time},33a217c7-86cc-4861-aeff-32eb6051f8e1,1,canceled,75.903416
{time},a61e9339-5008-4c3f-bba5-db24fafd5dbb,8,canceled,92.416065
{time},136bdbb2-efbd-4b93-8e42-bcbad1fe2c4c,7,rejected,11.360037
{time},0758af56-c762-4ad1-8c08-8c73a6630b51,3,completed,71.274813
{time},8191c453-93a7-40e5-b187-51a1de6ce624,5,canceled,12.514968
{time},a0b2e41b-41f5-47a5-bf9c-2e9fe5f22055,7,rejected,65.178496
{time},c5ec32dc-dc98-4794-929d-b7abbd0fa848,5,completed,9.598370
{time},3283dcc5-0e75-4e82-9218-8db3e3e82eaf,4,rejected,22.004282
{time},6f78458f-9ff5-423b-bae2-5bdecd127cf6,2,canceled,97.113296
{time},1a9310c7-b15e-4acd-b020-b4a561ba5cd5,2,rejected,96.724462
{time},b9abd23a-c8d0-4ef2-b8dc-cf86c067f664,5,canceled,43.935614
{time},5cfe2f6b-b911-43f5-89ef-d67a42e29d9f,4,rejected,99.159576
{time},11d87bc7-387c-40f8-abf8-3a7e1957aa9f,1,rejected,54.840382
{time},482516f8-9d0e-4186-92e1-b0b43ded297a,9,canceled,56.165412
{time},924e3a6f-8986-43df-af48-25fd9af558d6,5,rejected,18.509300
{time},50e0e736-c12d-427b-8eca-b54536671b71,4,rejected,7.009746
{time},de6f3929-3dd8-45b4-8eb1-da7558649c44,2,completed,43.294089
{time},875d6b7f-26c7-4a3b-be3d-9b4bf2ce86c3,6,completed,60.676068
{time},dd3c2049-9041-4df5-b40a-8663fad00158,5,rejected,4.788686
{time},0ccb7776-a77d-464a-82cd-6f4cf8eb50d2,7,rejected,8.266427
{time},2fe8bac5-1616-42f8-8c83-e37e6a36312f,10,canceled,28.695279
{time},e0eda19d-ee7c-4e4f-9a2b-1d8bc4631b9e,4,canceled,27.659835
{time},fa42777e-4ec3-47c9-8904-7d65a8b9f08f,7,rejected,19.915772
{time},d2b3ffd9-60bc-47d5-9f1e-d491349b6cee,9,canceled,80.567349
{time},5d3b53a0-3615-4057-a43b-7099fee30d55,8,completed,79.954300
{time},bac3ab39-2f9e-467a-ae4e-d28193eb05c2,3,canceled,94.181252
{time},74ad94b3-0322-40b3-b8af-b1db39b67ee7,5,completed,40.000791
{time},17b88177-77d9-47ae-8bd2-d35ec0614c57,6,completed,51.720304
{time},0d66d06b-848a-482d-ae32-6535bbcbd04e,10,rejected,58.701591
{time},8125b612-2c56-44fe-95ef-3154630a6c51,10,rejected,17.557640
{time},9a9a8084-a63c-459a-a07f-6cd88b6425e7,4,canceled,66.461420
{time},9a3fe28c-f194-40be-b29c-fda6834ec88b,1,canceled,83.733761
{time},0a992963-d921-4a7f-aed5-353207b01f0a,5,completed,60.119821
{time},fcc38fab-6936-4bc1-b44b-10f54eada85e,4,rejected,93.610449
{time},48dc7907-9f87-43df-ba8d-c5659dba079e,8,canceled,42.019601
{time},d3ff3b4a-de2c-414e-a5b0-17878e0f63f1,4,canceled,46.912133
{time},5cb71b93-6fa4-4008-b9f1-3554ab2e3cd7,7,completed,27.465935
{time},2c86479c-b86f-47dd-b433-fbfc13886c33,4,canceled,29.105895
{time},7bc4c6c9-e4ca-4b70-84f4-155d98d54d4b,4,completed,86.457725
{time},94011001-5d5d-4b72-b72d-712fef573aa6,2,rejected,52.822778
{time},f376a192-d454-4243-8a6a-c94dd5aa0d82,2,canceled,44.985135
{time},e8eaa252-b468-4244-b577-2013ef7d99cf,2,rejected,13.297030
{time},eb883ff8-3ea6-4f74-9da5-d0383fed4320,8,canceled,92.151335
{time},dd65d9e0-c40d-4c88-b7bf-d982cae0aae5,10,completed,67.738490
{time},90db7208-a8f7-4baf-95e1-0eff6efc9e3f,10,rejected,64.153677
{time},7fbba7c3-d13c-4c5d-baba-198b7f1062c0,10,rejected,62.528349
{time},3ebf2525-2eab-48a9-b90c-7c8112dd0dc5,9,canceled,34.150437
{time},8551f878-1659-4f75-9cc2-b315b3ae4a32,7,rejected,72.012665
{time},0ff904ae-f040-45c1-8708-bb5a665a99df,2,rejected,6.472456
{time},00fe4823-4dd2-4a07-95d5-a2cdf8edb5c7,5,canceled,9.638729
{time},5d388c38-00c8-495c-a784-6f0f07e0769b,5,completed,68.361708
{time},1028b6e1-04a3-4b61-8e9a-17d6c33fe7fa,4,canceled,20.442106
{time},4b72007c-67f0-472c-b2ad-419b90da74de,8,canceled,11.057032
{time},3dce96cb-2438-43a8-8e30-0742516464fa,10,completed,37.811391
{time},48c4280f-aa99-407d-822f-a6075c5a1a3d,3,rejected,41.218523
{time},222792ff-5911-4209-b08c-44fe610909dd,5,rejected,77.488452
{time},016f5137-4acc-423f-95fd-611f21850703,5,canceled,41.743670
{time},44c51c1e-c0c3-42c1-80f3-c9b33656b77b,10,completed,41.682073
{time},d2aa77aa-2b87-488b-9c42-192c4e673c5c,7,completed,52.478549
{time},1e89db49-8e27-411d-a11a-8e042e035e43,3,rejected,76.218385
{time},5389d5aa-f4dc-4bac-ba80-8da3715bf29d,5,canceled,49.259492
{time},0367b018-31e9-4fa3-b1a4-87a100311308,4,canceled,93.780582
{time},66be8f8e-96cd-4414-8159-7347969d09b9,6,canceled,43.102186
{time},67c7e421-76e9-46a7-86b9-374dd26d07f8,10,canceled,4.762779
{time},28017953-3b14-4ead-b6b1-76b66205d32a,3,rejected,20.636060
{time},d6609080-c40a-434a-a4d1-560a07751d9e,2,canceled,8.574443
{time},cc044dc3-b9c1-4c0c-90e5-e984800ce940,9,canceled,2.748655
{time},247c8fa5-b980-4645-ab23-44f6b490725a,1,rejected,17.107286
{time},1747a03e-0aad-42e0-b780-568251226e0d,3,rejected,67.309659
{time},ad1e3ac6-2c31-4f22-8ae6-4e4a5a498433,1,canceled,29.755930
{time},68c29475-74d2-45af-bea6-24768e7043bb,2,canceled,25.487341
{time},d16c3568-f999-4230-bc65-7b8bcdc588f1,7,canceled,87.488373
{time},9c09c109-1853-4fc8-bfed-52b8db69f1eb,8,rejected,54.575014
{time},c001346a-ea07-4fe4-bdff-00f121e22893,5,canceled,59.930012
{time},a456a3ca-f0e3-4789-bd73-a0cab774698b,8,canceled,38.505809
{time},1592caff-be86-4906-95e8-6b6c31af5b48,1,rejected,87.725741
{time},9db2fdcf-a39f-41bf-a30f-9a597801e42d,5,canceled,52.591433
{time},3263b054-90b7-4443-a517-50ca1fbbda4f,9,rejected,64.136624
{time},61feaabf-5289-410a-8acf-104513eaf42c,1,canceled,70.743891
{time},42e09b79-bfd8-4d99-a85f-7eb54b5134c2,8,rejected,92.104744
{time},830bf039-e247-4d5e-b563-120188f5446c,6,canceled,75.501567
{time},50df7424-fe0e-43c1-a87d-6cfac167f851,10,completed,4.161166
{time},3e5b6088-31bf-4282-bc4a-734751d43f68,8,canceled,23.260940
{time},97403992-6e0f-43ae-8002-4ad0989d59ea,8,completed,56.126315
{time},17bfc298-c573-4f52-baad-6116422925c7,3,canceled,67.655007
{time},b3d13cbc-d301-4aea-bb03-9d8bb9042f67,10,rejected,24.759963
{time},28f8bec0-ce5d-4208-b1c8-c55645f165f9,3,completed,49.701017
{time},52558a4d-d58e-4976-a0cb-c39e49c464bd,8,canceled,94.435641
{time},bd363810-6e73-46f9-a665-2186de7dfffa,2,rejected,12.950488
{time},bf33be9c-55f6-4f9c-ba92-e3126cd9f04c,3,canceled,30.351005
{time},ffa2af14-7a4e-43ef-9393-e01e06a2e923,5,completed,49.653014
{time},ad9dec8d-ac05-4689-a4ac-aee77860b2d7,5,rejected,79.995989
{time},f96e6eb8-3efb-42c0-8a4c-b1792c66c195,2,rejected,56.935635
{time},7de43129-a192-4505-bd0b-f79c0ecf3b97,3,rejected,90.339329
{time},fcb4ffab-95f6-4621-b54b-f30b935521ba,8,completed,58.843154
{time},9584b068-69b4-4513-9ccd-95bc7b9829f3,4,canceled,55.106739
{time},e1a5189b-195a-4312-b7fc-c45558748252,5,completed,76.185809
{time},3bf49b2c-2fd5-4940-b449-3dc4b3a4f0df,4,rejected,19.807543
{time},8eca5d25-3435-49e5-8f70-b568945c342c,6,canceled,85.329644
{time},119a5600-5973-41a2-a7df-9137fb55a2c8,6,canceled,44.949015
{time},aa957711-9e3e-4d5c-a417-761a9b4853a2,8,rejected,63.448134
{time},9c0dcd59-fc37-4f7a-80e6-597ceb0f8c53,6,rejected,62.542475
{time},b47a8906-b95c-47b1-a6cd-4340dbdad9bc,7,canceled,36.647511
{time},39a3a8fb-4264-420a-ba1c-012d8870332e,2,completed,22.403667
{time},f5947073-8f30-45b5-af44-ed6332346683,7,completed,98.737417
{time},edaf7851-9d55-4fff-b871-e51b51f3e86a,6,completed,83.600352
{time},3c4a7417-ea4b-4e40-a2a5-85d10073a1a3,3,canceled,83.841169
{time},2e99dd4a-9ff3-466d-9d5b-66e64d19827a,10,canceled,42.922394
{time},c23f4add-5de2-4966-8fb1-a05a1417bd46,7,completed,86.216232
{time},d0ae8e4a-b266-45ac-91a7-4cbc15ed5db9,1,rejected,56.581707
{time},a3284bbd-9051-4c56-b134-545d018811c8,4,rejected,58.933978
{time},3b5212a9-2cf4-47e2-9cc8-1e6bd21e1b9f,2,rejected,54.045053
{time},0a2e5c2b-1626-4643-983c-344cf38e69c5,2,canceled,48.127693
{time},5615f939-2d5c-44ea-a153-58c984972f26,7,canceled,14.788376
{time},840c41ae-83e3-4c17-afa0-ab7022337efa,1,rejected,80.309013
{time},76ba26d9-36df-451a-ac90-531470a5020c,4,rejected,19.937265
{time},fefd21bc-bbe5-473f-89d9-e584e0b1ce07,4,completed,39.841962
{time},1fd9adf4-7f7a-4df8-910d-1384ed3d9672,5,rejected,4.619091
{time},74ce3633-c0d7-40e1-a571-0924dfff7369,8,completed,10.190574
{time},b6e52294-5047-4541-8bef-52a9e0763f2e,2,rejected,62.258797
{time},2989e527-87ec-47a8-9668-e647fde0a486,3,canceled,42.343761
{time},194b16e3-81ac-40e1-a0b6-7a55a603f922,6,canceled,85.004766
{time},e1a3a268-4ac7-4e60-8bd8-c5410dd79193,1,canceled,28.869002
{time},08a13929-c030-4143-a8e1-31d6249efdb2,3,completed,31.269756
{time},0dcea305-76c7-4de1-87db-8202b4c3a6d4,2,canceled,68.822631
{time},5a00231e-8104-45a4-94b3-f8bbd5d0e3ba,5,completed,49.506169
{time},77e537a3-979d-4d11-a9c5-ef3b3f712d9f,6,canceled,41.727432
{time},60f00bc9-7ae5-405e-9370-f86a67409d81,5,canceled,15.968148
{time},5ae0a684-535a-49b5-af50-bb8220c0d1c6,5,rejected,58.559189
{time},3e5bc70c-8e1d-46ae-b522-ee23301b9895,5,canceled,23.275718
{time},0639e5e5-5598-4de9-b93d-0925e8a94e25,8,rejected,57.254279
{time},b0a790f3-ca92-4d64-8fe3-9233515943f3,8,canceled,45.090759
{time},1bb322ba-4355-4be1-969f-8aadf859154e,7,canceled,14.482672
{time},09ca1ad5-e092-4915-ac0b-95d4d8ef1151,1,rejected,21.902456
{time},fb4af2f1-744a-4bde-be0e-bdcf8b93ce23,7,rejected,85.362820
{time},a23004c5-c23f-4ea6-a9ea-0f56074eff21,2,canceled,17.785574
{time},fd17f007-0cdc-4d98-8077-bd6a0f5ca965,1,canceled,14.396336
{time},3c8dc32a-b1f3-4a22-9368-98cd52a57592,2,canceled,76.434132
{time},3a9f8516-894d-40dc-bc64-42e145f982ab,2,canceled,21.785265
{time},395c1d45-784e-431b-b9e2-1e8747db0540,6,rejected,70.540602
{time},302a6661-1344-4ca2-8488-3c83f2abdc5b,1,completed,25.502086
{time},07a1562c-ea50-4378-b3dc-08dca301977c,4,rejected,36.264931
{time},35aa9c6b-92e6-48ab-b08b-ace057061f91,2,rejected,25.849841
{time},a9f67e4f-1db5-4a1d-bc9f-23e9fa28c904,4,rejected,77.808434
{time},96074536-b3ea-4486-a1e6-7522bfb7c73b,8,rejected,95.984795
{time},952e945b-2042-48d9-a91a-8e5cc8bee8ba,4,completed,36.820924
{time},ae26c016-16b7-4e2e-8ad1-dce22e80e5de,9,completed,20.874740
{time},f6643679-d9dc-4d3d-804f-c6e5dd11ced5,1,completed,19.924095
{time},ea621281-6240-4265-a0df-e16f56a79ee0,9,canceled,76.755113
{time},f6568dc6-c995-4bac-994b-5537d0809415,3,completed,85.624480
{time},21c61831-916b-425a-adc9-7c4bf8b7efb8,2,rejected,17.397337
{time},853acc01-47b9-423d-8894-c570ee58a05b,2,canceled,12.013576
{time},eec66521-dd5e-44d2-a379-a84551ce5855,3,rejected,69.381111
{time},03fa781b-415a-4de0-9bac-45c57ea86f88,4,canceled,21.341248
{time},443fb466-6fe5-47c3-bab3-e718636c1c5c,8,completed,74.679256
{time},819e1d9a-e2df-41c5-a359-d343ca22286d,6,completed,78.325230
{time},3210c3ee-fa14-45b3-aae4-74ced2f84b6e,9,canceled,37.960000
{time},6e62ffa0-dc9c-40da-a86b-68a198b2085c,7,canceled,20.487485
{time},dc46413d-25ac-4fcd-a154-998671b0359a,5,canceled,7.539223
{time},46041d1b-dfba-4bbc-b090-2375804f815c,5,rejected,33.537830
{time},7cfc3f9d-d94f-42ed-aeab-9827f487b8f8,7,rejected,59.047870
{time},e7e7e1d5-5454-4e13-bc90-5fe144e55948,3,rejected,20.232686
{time},4918278f-4f76-4a8e-a921-9cd8f9e9860b,1,rejected,9.983528
{time},dddf874e-869f-4c33-a754-d38ee667e275,7,completed,86.847921
{time},897684b2-4587-43b1-8c51-7173a394c03f,2,completed,60.109506
{time},26dc5d4c-c994-4d4d-8358-d25e815cd55e,7,completed,75.082809
{time},3ca3365b-2899-4b05-8ec1-dea49d1850bc,10,completed,58.441538
{time},5044d3db-b0c5-45c5-90cb-3c65085a2b8b,6,completed,72.708891
{time},ad839d31-05be-44ad-987f-9a0f20b8fa24,10,canceled,62.884855
{time},04eb504a-41ea-45bd-b362-4bb65d94f750,6,rejected,84.077718
{time},2d664825-02ca-4eee-b59a-697e2df1cf4e,9,canceled,88.175642
{time},ac50e007-c16d-4ccd-b8d2-a89e537f6b44,7,rejected,19.614806
{time},f3664b21-86e1-47d3-86ab-f50d62356947,6,completed,62.375617
{time},ea126375-3e6a-4545-8498-8bdc58c7c936,4,rejected,48.147980
{time},d6adaad8-caa7-4106-b019-89161eed6910,10,rejected,8.865904
{time},f170ef2f-43d7-4cbd-b740-7d64e3180096,5,rejected,68.851233
{time},82e47bce-83d1-4eed-bb60-2abf6a3c750a,1,completed,66.346821
{time},142c0276-e84e-4cad-bdd8-be6562c51ab0,7,completed,57.086989
{time},bbf30c0b-d8e6-45d5-9401-e977dd1781ae,2,canceled,8.418053
{time},2ffb6ce8-9f56-49c5-8802-c61dcce014c8,2,rejected,89.671866
{time},ffcb299a-edc0-4a71-92be-c59aedb5d3e6,5,rejected,13.318167
{time},fcd1abca-bee2-478c-80c1-a165af638ca4,1,rejected,61.765359
{time},7f86f998-f210-47fd-8fb6-677f3867bdfc,8,rejected,63.969794
{time},becf66d7-4d60-4654-b42b-608e805fbc3b,10,completed,20.660134
{time},9861c32f-2f20-4613-94b6-ebf724b8c990,4,canceled,62.202045
{time},a559c19e-8874-4b4d-99d6-9fa08c9e3b11,3,rejected,64.446079
{time},d2ce08d6-0de4-41cc-b1fb-7319d3c3626c,4,completed,76.707484
{time},4a4312a6-d6c9-4658-b560-a2b785dbc395,6,canceled,59.615036
{time},f0c9e9d6-d2e8-44fb-bbe3-b2c20d36cc83,4,completed,52.849098
{time},97046714-6e60-4d2f-b90e-ef1ea084589c,6,completed,39.187257
{time},264de182-4dd2-434f-a2f0-79a03ac65c06,1,completed,27.578434
{time},10ae65bd-cdaf-409f-baf5-a7b60afffe36,5,rejected,50.083851
{time},7c57bef7-b847-407a-9e0f-43510452ce41,4,completed,75.946036
{time},0e9255df-a318-4fd4-a4ea-c2e845f17b17,4,rejected,71.727026
{time},2add309e-62b4-4523-be64-4d672b8359f6,4,completed,46.372095
{time},abcef4bb-0120-4a71-b526-7e866c431678,8,completed,2.055906
{time},25e12fdf-736e-4d32-bae5-72397bc2ee70,6,canceled,86.178290
{time},5c3ca475-d9b5-4007-9a6b-c797e5ea033d,7,canceled,41.294904
{time},4545e8a7-842a-4007-8b4a-3312965e9b68,3,completed,89.239485
{time},1119ebd0-2cb2-47d8-adf4-4e7bce5469c4,10,rejected,22.710668
{time},3f1a9aee-61f7-4de8-a40b-b877ae05c686,10,rejected,27.444887
{time},d2da49fc-0683-4b93-ab86-640a2eb70d22,9,rejected,70.825909
{time},e9fbd522-d262-4a44-91f4-aebf54cd7013,7,canceled,56.633746
{time},a18d21c9-18e6-451a-8c23-6571a5f35102,9,completed,76.729098
{time},fdf0be7e-593b-4d5e-95f4-9f43a23e3457,2,completed,58.438187
{time},96acba1f-8765-4d68-8f0c-b1a4661f639d,2,canceled,14.736027
{time},00c20b95-5bb4-41d0-a798-279d14af4882,9,completed,51.328709
{time},8bdd55c7-5638-41e3-8e61-e65da13ea771,7,completed,23.719521